fpr,tpr,_exp_1
0.0,0.0,1.8741834
0.0,0.0006825938566552901,0.8741834
0.0,0.0020477815699658703,0.8741352
0.0006825938566552901,0.0020477815699658703,0.87411255
0.0006825938566552901,0.0027303754266211604,0.87409544
0.0027303754266211604,0.0027303754266211604,0.8740593
0.0027303754266211604,0.0061433447098976105,0.8738347
0.0034129692832764505,0.0061433447098976105,0.8737729
0.0034129692832764505,0.006825938566552901,0.87376726
0.004095563139931741,0.006825938566552901,0.8737589
0.004095563139931741,0.008873720136518772,0.87354
0.00477815699658703,0.008873720136518772,0.8735087
0.00477815699658703,0.014334470989761093,0.872694
0.005460750853242321,0.014334470989761093,0.8726262
0.005460750853242321,0.015699658703071672,0.8725782
0.007508532423208191,0.015699658703071672,0.87207174
0.007508532423208191,0.021160409556313993,0.8711269
0.008873720136518772,0.021160409556313993,0.8710514
0.008873720136518772,0.025938566552901023,0.87041444
0.00955631399317406,0.025938566552901023,0.8704034
0.00955631399317406,0.034129692832764506,0.86901224
0.010238907849829351,0.034129692832764506,0.86890393
0.010238907849829351,0.03617747440273038,0.8688427
0.010921501706484642,0.03617747440273038,0.86873865
0.010921501706484642,0.03754266211604096,0.8686082
0.012969283276450512,0.03754266211604096,0.8683463
0.012969283276450512,0.04436860068259386,0.8674394
0.013651877133105802,0.04436860068259386,0.8674183
0.013651877133105802,0.04573378839590444,0.86728305
0.014334470989761093,0.04573378839590444,0.86727643
0.014334470989761093,0.04778156996587031,0.8668825
0.015017064846416382,0.04778156996587031,0.8668697
0.015017064846416382,0.05597269624573379,0.8664917
0.015699658703071672,0.05597269624573379,0.86641574
0.015699658703071672,0.05802047781569966,0.86623806
0.016382252559726963,0.05802047781569966,0.86621964
0.016382252559726963,0.060068259385665526,0.86612004
0.017064846416382253,0.060068259385665526,0.8660638
0.017064846416382253,0.06416382252559727,0.8658563
0.017747440273037544,0.06416382252559727,0.8658293
0.017747440273037544,0.06552901023890785,0.86564034
0.018430034129692834,0.06552901023890785,0.86560273
0.018430034129692834,0.0689419795221843,0.8654174
0.01911262798634812,0.0689419795221843,0.8654104
0.01911262798634812,0.07235494880546076,0.86517495
0.019795221843003412,0.07235494880546076,0.8651719
0.019795221843003412,0.07713310580204778,0.8648219
0.020477815699658702,0.07713310580204778,0.8647917
0.020477815699658702,0.07918088737201365,0.8646581
0.021160409556313993,0.07918088737201365,0.86461127
0.021160409556313993,0.08532423208191127,0.8642526
0.027986348122866895,0.12013651877133105,0.8642269
0.028668941979522185,0.12013651877133105,0.8635575
0.028668941979522185,0.12354948805460751,0.8627596
0.029351535836177476,0.12354948805460751,0.8627418
0.029351535836177476,0.12627986348122866,0.8622762
0.030716723549488054,0.12627986348122866,0.86222
0.030716723549488054,0.13515358361774743,0.8608304
0.031399317406143344,0.13515358361774743,0.8607295
0.031399317406143344,0.1372013651877133,0.8606043
0.032081911262798635,0.1372013651877133,0.8605297
0.032081911262798635,0.14266211604095563,0.85935193
0.032764505119453925,0.14266211604095563,0.8586215
0.032764505119453925,0.14880546075085324,0.85770905
0.033447098976109216,0.14880546075085324,0.8575208
0.033447098976109216,0.1515358361774744,0.85713905
0.0348122866894198,0.1515358361774744,0.8569591
0.0348122866894198,0.15290102389078497,0.8567469
0.03549488054607509,0.15290102389078497,0.8565229
0.03549488054607509,0.15631399317406144,0.85599935
0.03617747440273038,0.15631399317406144,0.85589194
0.03617747440273038,0.1590443686006826,0.8550835
0.03686006825938567,0.1590443686006826,0.85500777
0.03686006825938567,0.16040955631399317,0.8548938
0.03754266211604096,0.16040955631399317,0.8543948
0.03754266211604096,0.16177474402730374,0.8541006
0.03822525597269624,0.16177474402730374,0.8539613
0.03822525597269624,0.16245733788395905,0.8539565
0.03890784982935153,0.16245733788395905,0.853781
0.03890784982935153,0.1726962457337884,0.85181063
0.039590443686006824,0.1726962457337884,0.85167885
0.039590443686006824,0.17337883959044367,0.8516658
0.040273037542662114,0.17337883959044367,0.851654
0.040273037542662114,0.178839590443686,0.85085076
0.040955631399317405,0.178839590443686,0.85068816
0.040955631399317405,0.1802047781569966,0.85067844
0.041638225255972695,0.1802047781569966,0.85062945
0.041638225255972695,0.18430034129692832,0.8498689
0.042320819112627986,0.18430034129692832,0.8498524
0.042320819112627986,0.1931740614334471,0.847886
0.04368600682593857,0.1931740614334471,0.8476178
0.04368600682593857,0.19863481228668942,0.8470441
0.04573378839590444,0.19863481228668942,0.8468205
0.04573378839590444,0.1993174061433447,0.8467754
0.04709897610921502,0.1993174061433447,0.84672076
0.04709897610921502,0.2054607508532423,0.846087
0.04778156996587031,0.2054607508532423,0.84601855
0.04778156996587031,0.21092150170648463,0.8456148
0.048464163822525594,0.21092150170648463,0.8453986
0.048464163822525594,0.221160409556314,0.8444593
0.049146757679180884,0.221160409556314,0.8443842
0.049146757679180884,0.22252559726962456,0.84417725
0.049829351535836175,0.22252559726962456,0.8440927
0.049829351535836175,0.22320819112627988,0.8440871
0.050511945392491465,0.22320819112627988,0.844036
0.050511945392491465,0.2354948805460751,0.8433591
0.051194539249146756,0.2354948805460751,0.8432947
0.051194539249146756,0.23754266211604094,0.8430716
0.05187713310580205,0.23754266211604094,0.843053
0.05187713310580205,0.23822525597269625,0.8429567
0.05255972696245734,0.23822525597269625,0.8429374
0.05255972696245734,0.27781569965870306,0.8383192
0.05324232081911263,0.27781569965870306,0.8381941
0.05324232081911263,0.2784982935153584,0.83815426
0.05392491467576792,0.2784982935153584,0.83804655
0.05392491467576792,0.2880546075085324,0.8367914
0.05460750853242321,0.2880546075085324,0.8367559
0.05460750853242321,0.2887372013651877,0.836729
0.0552901023890785,0.2887372013651877,0.8365127
0.0552901023890785,0.29215017064846416,0.8356057
0.05597269624573379,0.29215017064846416,0.83556366
0.05597269624573379,0.2955631399317406,0.83536553
0.05733788395904437,0.2955631399317406,0.8353159
0.05733788395904437,0.29692832764505117,0.8352224
0.05802047781569966,0.29692832764505117,0.8351654
0.05802047781569966,0.2976109215017065,0.8350902
0.05870307167235495,0.2976109215017065,0.83508927
0.05870307167235495,0.3119453924914676,0.8334663
0.059385665529010236,0.3119453924914676,0.8334317
0.059385665529010236,0.3174061433447099,0.8331476
0.060068259385665526,0.3174061433447099,0.83302164
0.060068259385665526,0.3242320819112628,0.83251536
0.06143344709897611,0.3242320819112628,0.8324678
0.06143344709897611,0.3447098976109215,0.8302237
0.0621160409556314,0.3447098976109215,0.830177
0.0621160409556314,0.3488054607508532,0.8295947
0.06279863481228669,0.3488054607508532,0.82927495
0.06279863481228669,0.35017064846416385,0.82924455
0.06348122866894199,0.35017064846416385,0.82918555
0.06348122866894199,0.3563139931740614,0.82874686
0.06621160409556313,0.3563139931740614,0.82853967
0.06621160409556313,0.36177474402730375,0.8276961
0.06689419795221843,0.36177474402730375,0.8274662
0.06689419795221843,0.36450511945392494,0.82679
0.06825938566552901,0.36450511945392494,0.8263078
0.06825938566552901,0.36655290102389076,0.82563543
0.0689419795221843,0.36655290102389076,0.8256285
0.0689419795221843,0.3733788395904437,0.8241692
0.0696245733788396,0.3733788395904437,0.8240814
0.0696245733788396,0.37406143344709897,0.8240674
0.07030716723549488,0.37406143344709897,0.82382697
0.07030716723549488,0.3781569965870307,0.8228168
0.07098976109215017,0.3781569965870307,0.82264423
0.07098976109215017,0.38088737201365186,0.8225122
0.07167235494880546,0.38088737201365186,0.82243466
0.07167235494880546,0.38361774744027305,0.8221346
0.07303754266211604,0.38361774744027305,0.8219391
0.07303754266211604,0.3870307167235495,0.821357
0.07372013651877134,0.3870307167235495,0.8212017
0.07372013651877134,0.38839590443686006,0.82102555
0.07508532423208192,0.38839590443686006,0.8207998
0.07508532423208192,0.38976109215017063,0.8207352
0.0757679180887372,0.38976109215017063,0.82070655
0.0757679180887372,0.39590443686006827,0.82025397
0.07645051194539249,0.39590443686006827,0.82019264
0.07645051194539249,0.3986348122866894,0.8199859
0.07713310580204778,0.3986348122866894,0.8197871
0.07713310580204778,0.4013651877133106,0.8193896
0.07781569965870307,0.4013651877133106,0.8192728
0.07781569965870307,0.40273037542662116,0.81889915
0.07918088737201365,0.40273037542662116,0.8187297
0.07918088737201365,0.40341296928327647,0.8186616
0.07986348122866894,0.40341296928327647,0.8186334
0.07986348122866894,0.41023890784982936,0.81785023
0.08122866894197953,0.41023890784982936,0.817818
0.08122866894197953,0.4116040955631399,0.8177031
0.08191126279863481,0.4116040955631399,0.81763387
0.08191126279863481,0.4150170648464164,0.81724405
0.08327645051194539,0.4150170648464164,0.8171461
0.08327645051194539,0.4184300341296928,0.8166457
0.08395904436860069,0.4184300341296928,0.8165994
0.08395904436860069,0.41911262798634813,0.8164405
0.08464163822525597,0.41911262798634813,0.81637675
0.08464163822525597,0.4204778156996587,0.8162134
0.08532423208191127,0.4204778156996587,0.8161598
0.08532423208191127,0.42389078498293514,0.8157309
0.08600682593856655,0.42389078498293514,0.8157085
0.08600682593856655,0.4300341296928328,0.8149401
0.08668941979522184,0.4300341296928328,0.81488794
0.08668941979522184,0.43071672354948803,0.8148384
0.08737201365187713,0.43071672354948803,0.81482285
0.08737201365187713,0.43139931740614335,0.81417906
0.08805460750853242,0.43139931740614335,0.8141728
0.08805460750853242,0.4334470989761092,0.8140291
0.08873720136518772,0.4334470989761092,0.814007
0.08873720136518772,0.4348122866894198,0.8136565
0.089419795221843,0.4348122866894198,0.8135519
0.089419795221843,0.43617747440273036,0.8129669
0.0901023890784983,0.43617747440273036,0.812681
0.0901023890784983,0.4443686006825939,0.811339
0.09146757679180888,0.4443686006825939,0.81131804
0.09146757679180888,0.44573378839590444,0.8108913
0.09215017064846416,0.44573378839590444,0.81083363
0.09215017064846416,0.44641638225255975,0.8104246
0.09283276450511946,0.44641638225255975,0.81041443
0.09283276450511946,0.4484641638225256,0.8096148
0.09351535836177474,0.4484641638225256,0.8094368
0.09351535836177474,0.4491467576791809,0.80942225
0.09419795221843004,0.4491467576791809,0.8090484
0.09419795221843004,0.4498293515358362,0.80895925
0.09556313993174062,0.4498293515358362,0.8087478
0.09556313993174062,0.45324232081911264,0.808403
0.0962457337883959,0.45324232081911264,0.80837405
0.0962457337883959,0.4552901023890785,0.8080932
0.09692832764505119,0.4552901023890785,0.8079123
0.09692832764505119,0.45802047781569966,0.8076182
0.09761092150170649,0.45802047781569966,0.8075137
0.09761092150170649,0.45870307167235497,0.8074647
0.09829351535836177,0.45870307167235497,0.8072533
0.09829351535836177,0.46006825938566553,0.80674577
0.09897610921501707,0.46006825938566553,0.8067041
0.09897610921501707,0.47235494880546075,0.8029719
0.09965870307167235,0.47235494880546075,0.8028798
0.09965870307167235,0.4737201365187713,0.8020866
0.10034129692832765,0.4737201365187713,0.8017917
0.10034129692832765,0.4764505119453925,0.8007219
0.10102389078498293,0.4764505119453925,0.80058104
0.10102389078498293,0.47918088737201364,0.80024725
0.10170648464163823,0.47918088737201364,0.79934007
0.10170648464163823,0.4805460750853242,0.79928464
0.10238907849829351,0.4805460750853242,0.79920405
0.10238907849829351,0.48191126279863483,0.79905623
0.10307167235494881,0.48191126279863483,0.799003
0.10307167235494881,0.4832764505119454,0.7983644
0.10443686006825939,0.4832764505119454,0.79785466
0.10443686006825939,0.48395904436860065,0.7977293
0.10511945392491467,0.48395904436860065,0.7973719
0.10511945392491467,0.4853242320819113,0.79736406
0.10580204778156997,0.4853242320819113,0.79733866
0.10580204778156997,0.48737201365187716,0.79663426
0.10716723549488055,0.48737201365187716,0.79656196
0.10716723549488055,0.4887372013651877,0.796358
0.10784982935153584,0.4887372013651877,0.79606545
0.10784982935153584,0.4901023890784983,0.79575837
0.10853242320819112,0.4901023890784983,0.7957351
0.10853242320819112,0.49146757679180886,0.7954713
0.10921501706484642,0.49146757679180886,0.79539907
0.10921501706484642,0.4969283276450512,0.79336995
0.1098976109215017,0.4969283276450512,0.7933593
0.1098976109215017,0.5037542662116041,0.79173243
0.110580204778157,0.5037542662116041,0.7914587
0.110580204778157,0.5044368600682594,0.7910599
0.11194539249146758,0.5044368600682594,0.79099584
0.11194539249146758,0.50580204778157,0.7908519
0.11399317406143344,0.50580204778157,0.7905008
0.11399317406143344,0.5064846416382253,0.7904232
0.11467576791808874,0.5064846416382253,0.7903514
0.11467576791808874,0.5119453924914675,0.78869975
0.11535836177474403,0.5119453924914675,0.7886405
0.11535836177474403,0.5139931740614334,0.78780097
0.11604095563139932,0.5139931740614334,0.78775287
0.11604095563139932,0.520136518771331,0.7866288
0.11877133105802047,0.520136518771331,0.7864102
0.11877133105802047,0.5235494880546075,0.7851792
0.12013651877133105,0.5235494880546075,0.7845155
0.12013651877133105,0.5276450511945392,0.7832664
0.12150170648464163,0.5276450511945392,0.7830937
0.12150170648464163,0.5296928327645051,0.7826881
0.12286689419795221,0.5296928327645051,0.7825411
0.12286689419795221,0.531740614334471,0.7818976
0.1242320819112628,0.531740614334471,0.7815011
0.1242320819112628,0.5331058020477816,0.7811742
0.12559726962457338,0.5331058020477816,0.78052497
0.12559726962457338,0.5358361774744027,0.7802113
0.12627986348122866,0.5358361774744027,0.7800807
0.12627986348122866,0.5378839590443686,0.7790754
0.12696245733788397,0.5378839590443686,0.7788577
0.12696245733788397,0.5385665529010238,0.778645
0.12832764505119454,0.5385665529010238,0.77824455
0.12832764505119454,0.5453924914675768,0.7759746
0.12901023890784982,0.5453924914675768,0.7755542
0.12901023890784982,0.5460750853242321,0.7754792
0.1296928327645051,0.5460750853242321,0.774507
0.1296928327645051,0.5522184300341297,0.77247554
0.13037542662116042,0.5522184300341297,0.77235556
0.13037542662116042,0.5542662116040956,0.77188647
0.1310580204778157,0.5542662116040956,0.7718247
0.1310580204778157,0.5556313993174061,0.77173287
0.13242320819112627,0.5556313993174061,0.77130115
0.13242320819112627,0.5563139931740614,0.7711972
0.13378839590443686,0.5563139931740614,0.7704489
0.13378839590443686,0.5569965870307167,0.7703579
0.13515358361774743,0.5569965870307167,0.7701743
0.13515358361774743,0.5583617747440273,0.7699861
0.13583617747440274,0.5583617747440273,0.76994723
0.13583617747440274,0.5604095563139931,0.7696509
0.13651877133105803,0.5604095563139931,0.7689615
0.13651877133105803,0.562457337883959,0.7687752
0.1372013651877133,0.562457337883959,0.76861167
0.1372013651877133,0.5645051194539249,0.76819587
0.1378839590443686,0.5645051194539249,0.76802284
0.1378839590443686,0.5658703071672355,0.7675818
0.1385665529010239,0.5658703071672355,0.7670911
0.1385665529010239,0.5665529010238908,0.7665807
0.13993174061433447,0.5665529010238908,0.7664455
0.13993174061433447,0.5692832764505119,0.76503557
0.14061433447098975,0.5692832764505119,0.76475024
0.14061433447098975,0.5699658703071673,0.76457125
0.14197952218430035,0.5699658703071673,0.76449
0.14197952218430035,0.5713310580204778,0.7640668
0.14266211604095563,0.5713310580204778,0.7638437
0.14266211604095563,0.5726962457337884,0.7630104
0.14334470989761092,0.5726962457337884,0.7623575
0.14334470989761092,0.5761092150170648,0.76193833
0.1453924914675768,0.5761092150170648,0.7607818
0.1453924914675768,0.578839590443686,0.7602837
0.14607508532423208,0.578839590443686,0.75954235
0.14607508532423208,0.5802047781569966,0.7582536
0.14675767918088736,0.5802047781569966,0.75800043
0.14675767918088736,0.5863481228668942,0.7555775
0.14744027303754267,0.5863481228668942,0.7552575
0.14744027303754267,0.5883959044368601,0.75480163
0.14812286689419796,0.5883959044368601,0.7542344
0.14812286689419796,0.5890784982935153,0.7540655
0.14880546075085324,0.5890784982935153,0.7538903
0.14880546075085324,0.5897610921501707,0.75372106
0.14948805460750852,0.5897610921501707,0.7526234
0.14948805460750852,0.5924914675767918,0.7513418
0.15017064846416384,0.5924914675767918,0.7513197
0.15017064846416384,0.595221843003413,0.75031227
0.15085324232081912,0.595221843003413,0.74981
0.15085324232081912,0.5986348122866895,0.7492776
0.1522184300341297,0.5986348122866895,0.7490276
0.1522184300341297,0.5993174061433447,0.7488345
0.15290102389078497,0.5993174061433447,0.7486087
0.15290102389078497,0.6006825938566553,0.74764925
0.15358361774744028,0.6006825938566553,0.7475945
0.15358361774744028,0.6020477815699659,0.7464536
0.15699658703071673,0.6020477815699659,0.74540496
0.15699658703071673,0.6034129692832765,0.74455804
0.157679180887372,0.6034129692832765,0.7440637
0.157679180887372,0.6040955631399317,0.743192
0.1583617747440273,0.6040955631399317,0.7429701
0.1583617747440273,0.6081911262798635,0.74235076
0.1590443686006826,0.6081911262798635,0.7420438
0.1590443686006826,0.6109215017064846,0.74031436
0.1597269624573379,0.6109215017064846,0.74006724
0.1597269624573379,0.6116040955631399,0.73994195
0.16040955631399317,0.6116040955631399,0.73947793
0.16040955631399317,0.6150170648464164,0.7381066
0.16177474402730374,0.6150170648464164,0.73745626
0.16177474402730374,0.6177474402730375,0.7368418
0.16382252559726962,0.6177474402730375,0.7362669
0.16382252559726962,0.6184300341296929,0.736037
0.1658703071672355,0.6184300341296929,0.7355465
0.1658703071672355,0.6191126279863481,0.7346624
0.16791808873720138,0.6191126279863481,0.73230356
0.16791808873720138,0.6204778156996587,0.7320756
0.16860068259385666,0.6204778156996587,0.7314046
0.16860068259385666,0.621160409556314,0.73104495
0.16928327645051194,0.621160409556314,0.73095274
0.16928327645051194,0.625938566552901,0.72878855
0.17064846416382254,0.625938566552901,0.72792035
0.17064846416382254,0.6266211604095563,0.7276992
0.17406143344709898,0.6266211604095563,0.72657514
0.17406143344709898,0.6286689419795222,0.7256305
0.17747440273037543,0.6286689419795222,0.72381186
0.17747440273037543,0.6293515358361774,0.7233195
0.178839590443686,0.6293515358361774,0.72287554
0.178839590443686,0.6327645051194539,0.72152483
0.18088737201365188,0.6327645051194539,0.71861356
0.18088737201365188,0.6334470989761092,0.71789205
0.18225255972696247,0.6334470989761092,0.7177742
0.18225255972696247,0.6341296928327645,0.71693504
0.18430034129692832,0.6341296928327645,0.71595824
0.18430034129692832,0.6348122866894198,0.71584225
0.1849829351535836,0.6348122866894198,0.71539706
0.1849829351535836,0.6354948805460751,0.71528673
0.18703071672354948,0.6354948805460751,0.71344733
0.18703071672354948,0.6361774744027304,0.7123936
0.18839590443686008,0.6361774744027304,0.71155673
0.18839590443686008,0.6375426621160409,0.7102026
0.18907849829351536,0.6375426621160409,0.70951676
0.18907849829351536,0.6382252559726962,0.7085586
0.19044368600682593,0.6382252559726962,0.70834714
0.19044368600682593,0.6389078498293516,0.70830935
0.19112627986348124,0.6389078498293516,0.7080711
0.19112627986348124,0.6402730375426621,0.7045952
0.1924914675767918,0.6402730375426621,0.70390874
0.1924914675767918,0.6409556313993174,0.70374817
0.1931740614334471,0.6409556313993174,0.70371497
0.1931740614334471,0.642320819112628,0.70319325
0.19385665529010238,0.642320819112628,0.7029145
0.19385665529010238,0.6436860068259386,0.70218164
0.1945392491467577,0.6436860068259386,0.7016536
0.1945392491467577,0.6457337883959045,0.7009079
0.19590443686006825,0.6457337883959045,0.7003228
0.19590443686006825,0.6464163822525597,0.7001131
0.19863481228668942,0.6464163822525597,0.6945807
0.19863481228668942,0.6491467576791808,0.69154376
0.1993174061433447,0.6491467576791808,0.69146585
0.1993174061433447,0.6505119453924915,0.69111973
0.2006825938566553,0.6505119453924915,0.6897916
0.2006825938566553,0.6518771331058021,0.68939763
0.20341296928327646,0.6518771331058021,0.6857009
0.20341296928327646,0.6573378839590444,0.6806567
0.20409556313993174,0.6573378839590444,0.680352
0.20409556313993174,0.6600682593856655,0.680116
0.2054607508532423,0.6600682593856655,0.6795262
0.2054607508532423,0.6607508532423209,0.679313
0.2068259385665529,0.6607508532423209,0.6792126
0.2068259385665529,0.6621160409556314,0.67822015
0.2075085324232082,0.6621160409556314,0.6782027
0.2075085324232082,0.663481228668942,0.6771154
0.20819112627986347,0.663481228668942,0.67590225
0.20819112627986347,0.6675767918088737,0.6750643
0.20887372013651878,0.6675767918088737,0.6746109
0.20887372013651878,0.668259385665529,0.67439294
0.20955631399317406,0.668259385665529,0.67372656
0.20955631399317406,0.6689419795221843,0.67368495
0.21092150170648463,0.6689419795221843,0.6717732
0.21092150170648463,0.6703071672354949,0.67094535
0.21160409556313994,0.6703071672354949,0.6705165
0.21160409556313994,0.6709897610921501,0.6704025
0.2129692832764505,0.6709897610921501,0.66867715
0.2129692832764505,0.6716723549488055,0.6672315
0.2143344709897611,0.6716723549488055,0.6668906
0.2143344709897611,0.6723549488054608,0.6664684
0.2150170648464164,0.6723549488054608,0.66609526
0.2150170648464164,0.6737201365187714,0.66539985
0.21638225255972696,0.6737201365187714,0.6642963
0.21638225255972696,0.6744027303754266,0.6642931
0.21706484641638224,0.6744027303754266,0.6633703
0.21706484641638224,0.6750853242320819,0.6633365
0.21774744027303755,0.6750853242320819,0.6616625
0.21774744027303755,0.6771331058020478,0.6597357
0.21843003412969283,0.6771331058020478,0.65969276
0.21843003412969283,0.677815699658703,0.6595221
0.2204778156996587,0.677815699658703,0.6582987
0.2204778156996587,0.6812286689419795,0.65701413
0.221160409556314,0.6812286689419795,0.6562826
0.221160409556314,0.6860068259385665,0.65473604
0.22184300341296928,0.6860068259385665,0.6542036
0.22184300341296928,0.6907849829351536,0.65106624
0.22252559726962456,0.6907849829351536,0.6509774
0.22252559726962456,0.6928327645051194,0.6506198
0.22320819112627988,0.6928327645051194,0.64990133
0.22320819112627988,0.6955631399317406,0.64856154
0.22662116040955632,0.6955631399317406,0.64508235
0.22662116040955632,0.6962457337883959,0.644395
0.2273037542662116,0.6962457337883959,0.64411503
0.2273037542662116,0.6969283276450512,0.6408359
0.22866894197952217,0.6969283276450512,0.6376426
0.22866894197952217,0.6996587030716723,0.6349779
0.22935153583617748,0.6996587030716723,0.6346056
0.22935153583617748,0.7003412969283277,0.63375616
0.23003412969283277,0.7003412969283277,0.6331173
0.23003412969283277,0.701023890784983,0.6329578
0.23208191126279865,0.701023890784983,0.6295396
0.23208191126279865,0.7064846416382252,0.6238426
0.2341296928327645,0.7064846416382252,0.62345266
0.2341296928327645,0.7071672354948806,0.6231259
0.23617747440273038,0.7071672354948806,0.62188333
0.23617747440273038,0.7078498293515358,0.6216539
0.23686006825938566,0.7078498293515358,0.6205969
0.23686006825938566,0.7092150170648465,0.6185821
0.23822525597269625,0.7092150170648465,0.6174195
0.23822525597269625,0.7112627986348122,0.6167357
0.23890784982935154,0.7112627986348122,0.615857
0.23890784982935154,0.7139931740614335,0.6138804
0.23959044368600682,0.7139931740614335,0.6138318
0.23959044368600682,0.7146757679180887,0.6137443
0.2402730375426621,0.7146757679180887,0.61345285
0.2402730375426621,0.7180887372013652,0.61103153
0.24095563139931742,0.7180887372013652,0.6101456
0.24095563139931742,0.7187713310580205,0.61010617
0.24300341296928327,0.7187713310580205,0.607913
0.24300341296928327,0.726962457337884,0.6008288
0.24436860068259386,0.726962457337884,0.59934443
0.24436860068259386,0.7296928327645051,0.59735864
0.24505119453924915,0.7296928327645051,0.5967385
0.24505119453924915,0.7303754266211604,0.59612143
0.24573378839590443,0.7303754266211604,0.59577304
0.24573378839590443,0.7337883959044369,0.5942556
0.24641638225255974,0.7337883959044369,0.5941016
0.24641638225255974,0.7351535836177474,0.59294325
0.24709897610921502,0.7351535836177474,0.59283733
0.24709897610921502,0.7399317406143344,0.59166735
0.2477815699658703,0.7399317406143344,0.59155107
0.2477815699658703,0.741296928327645,0.59056765
0.2484641638225256,0.741296928327645,0.5903883
0.2484641638225256,0.7426621160409557,0.5900708
0.24914675767918087,0.7426621160409557,0.5894012
0.24914675767918087,0.7433447098976109,0.58938074
0.24982935153583619,0.7433447098976109,0.5891734
0.24982935153583619,0.7440273037542662,0.587452
0.25051194539249144,0.7440273037542662,0.5873931
0.25051194539249144,0.7453924914675768,0.586779
0.25119453924914675,0.7453924914675768,0.586705
0.25119453924914675,0.7481228668941979,0.5861098
0.25187713310580206,0.7481228668941979,0.58608353
0.25187713310580206,0.7488054607508532,0.58590764
0.2525597269624573,0.7488054607508532,0.58520955
0.2525597269624573,0.7494880546075086,0.58500856
0.25324232081911263,0.7494880546075086,0.5849742
0.25324232081911263,0.752901023890785,0.5831555
0.25392491467576794,0.752901023890785,0.5815246
0.25392491467576794,0.7706484641638225,0.5720856
0.2546075085324232,0.7706484641638225,0.57190275
0.2546075085324232,0.7713310580204779,0.5718967
0.2552901023890785,0.7713310580204779,0.57068425
0.2552901023890785,0.7720136518771331,0.57048047
0.25597269624573377,0.7720136518771331,0.5699038
0.25597269624573377,0.7767918088737201,0.5672812
0.2566552901023891,0.7767918088737201,0.5670966
0.2566552901023891,0.7781569965870307,0.56580174
0.25802047781569964,0.7781569965870307,0.5647325
0.25802047781569964,0.7815699658703071,0.5632688
0.25870307167235496,0.7815699658703071,0.5625432
0.25870307167235496,0.7843003412969284,0.5619565
0.2600682593856655,0.7843003412969284,0.56094766
0.2600682593856655,0.7849829351535836,0.56092983
0.26075085324232083,0.7849829351535836,0.5608244
0.26075085324232083,0.7890784982935154,0.55979264
0.2614334470989761,0.7890784982935154,0.559754
0.2614334470989761,0.7931740614334472,0.5578791
0.2627986348122867,0.7931740614334472,0.5575977
0.2627986348122867,0.7979522184300342,0.55685276
0.26348122866894197,0.7979522184300342,0.5567952
0.26348122866894197,0.7993174061433447,0.5566765
0.2641638225255973,0.7993174061433447,0.55643284
0.2641638225255973,0.8,0.5563983
0.26484641638225254,0.8,0.5553808
0.26484641638225254,0.8020477815699659,0.554588
0.26552901023890785,0.8020477815699659,0.55415964
0.26552901023890785,0.8034129692832764,0.5540044
0.2675767918088737,0.8034129692832764,0.5534424
0.2675767918088737,0.8054607508532423,0.5532167
0.26825938566552904,0.8054607508532423,0.55289596
0.26825938566552904,0.8081911262798634,0.551604
0.2689419795221843,0.8081911262798634,0.55131423
0.2689419795221843,0.8109215017064847,0.5504996
0.27030716723549486,0.8109215017064847,0.54991025
0.27030716723549486,0.8122866894197952,0.5492586
0.27098976109215017,0.8122866894197952,0.54911566
0.27098976109215017,0.8184300341296928,0.5467395
0.2716723549488055,0.8184300341296928,0.546551
0.2716723549488055,0.8197952218430035,0.54620844
0.27235494880546074,0.8197952218430035,0.546076
0.27235494880546074,0.821160409556314,0.54544294
0.2757679180887372,0.821160409556314,0.5429142
0.2757679180887372,0.8238907849829351,0.5418015
0.2764505119453925,0.8238907849829351,0.54108024
0.2764505119453925,0.825938566552901,0.54004925
0.2771331058020478,0.825938566552901,0.5400093
0.2771331058020478,0.8266211604095564,0.5399279
0.27781569965870306,0.8266211604095564,0.53967327
0.27781569965870306,0.8293515358361775,0.5390432
0.2784982935153584,0.8293515358361775,0.5385883
0.2784982935153584,0.8300341296928327,0.5385482
0.27918088737201363,0.8300341296928327,0.5384882
0.27918088737201363,0.8313993174061434,0.53796345
0.28054607508532425,0.8313993174061434,0.53745735
0.28054607508532425,0.8327645051194539,0.5369742
0.2812286689419795,0.8327645051194539,0.5368348
0.2812286689419795,0.8334470989761092,0.5367397
0.2819112627986348,0.8334470989761092,0.53611594
0.2819112627986348,0.8341296928327645,0.5358023
0.2825938566552901,0.8341296928327645,0.535645
0.2825938566552901,0.8354948805460751,0.53395474
0.2839590443686007,0.8354948805460751,0.53372806
0.2839590443686007,0.8361774744027304,0.53362656
0.28464163822525596,0.8361774744027304,0.5334816
0.28464163822525596,0.8382252559726963,0.5316948
0.2860068259385666,0.8382252559726963,0.5302321
0.2860068259385666,0.8389078498293515,0.5293216
0.28668941979522183,0.8389078498293515,0.52925247
0.28668941979522183,0.8395904436860068,0.52914095
0.2880546075085324,0.8395904436860068,0.52830356
0.2880546075085324,0.842320819112628,0.5272367
0.289419795221843,0.842320819112628,0.5263523
0.289419795221843,0.8430034129692833,0.5257736
0.2901023890784983,0.8430034129692833,0.52576876
0.2901023890784983,0.8436860068259385,0.52548254
0.29215017064846416,0.8436860068259385,0.5248591
0.29215017064846416,0.8450511945392492,0.5239575
0.29283276450511947,0.8450511945392492,0.5239493
0.29283276450511947,0.8457337883959044,0.52373713
0.2955631399317406,0.8457337883959044,0.5227584
0.2955631399317406,0.8464163822525598,0.52216
0.2962457337883959,0.8464163822525598,0.5215263
0.2962457337883959,0.8484641638225257,0.52007455
0.29692832764505117,0.8484641638225257,0.5197959
0.29692832764505117,0.8498293515358362,0.51938075
0.2976109215017065,0.8498293515358362,0.5189809
0.2976109215017065,0.8505119453924914,0.5186866
0.2982935153583618,0.8505119453924914,0.5184832
0.2982935153583618,0.8532423208191127,0.51419306
0.29897610921501705,0.8532423208191127,0.5141427
0.29897610921501705,0.8546075085324232,0.5128806
0.29965870307167236,0.8546075085324232,0.51282895
0.29965870307167236,0.856655290102389,0.5116601
0.3003412969283277,0.856655290102389,0.51146805
0.3003412969283277,0.8573378839590444,0.51120734
0.30102389078498293,0.8573378839590444,0.5108007
0.30102389078498293,0.8607508532423208,0.50909287
0.3030716723549488,0.8607508532423208,0.5085027
0.3030716723549488,0.8614334470989761,0.5084623
0.3037542662116041,0.8614334470989761,0.5081967
0.3037542662116041,0.8621160409556314,0.50744647
0.3044368600682594,0.8621160409556314,0.5067756
0.3044368600682594,0.8668941979522184,0.50387096
0.3051194539249147,0.8668941979522184,0.5030461
0.3051194539249147,0.8696245733788396,0.500017
0.30648464163822525,0.8696245733788396,0.4998228
0.30648464163822525,0.8703071672354948,0.49930847
0.30716723549488056,0.8703071672354948,0.4992362
0.30716723549488056,0.8709897610921502,0.49888235
0.3078498293515358,0.8709897610921502,0.49859864
0.3078498293515358,0.8716723549488055,0.49856728
0.30853242320819113,0.8716723549488055,0.49757707
0.30853242320819113,0.8744027303754266,0.49692872
0.30921501706484644,0.8744027303754266,0.49670416
0.30921501706484644,0.8757679180887372,0.4960819
0.3098976109215017,0.8757679180887372,0.496044
0.3098976109215017,0.8764505119453925,0.49577147
0.3126279863481229,0.8764505119453925,0.49225906
0.3126279863481229,0.8771331058020477,0.49190596
0.3146757679180887,0.8771331058020477,0.48997346
0.3146757679180887,0.8784982935153584,0.4882765
0.3174061433447099,0.8784982935153584,0.48574308
0.3174061433447099,0.8791808873720136,0.4846772
0.31877133105802047,0.8791808873720136,0.48425332
0.31877133105802047,0.8805460750853242,0.48233232
0.3194539249146758,0.8805460750853242,0.48180646
0.3194539249146758,0.8819112627986349,0.47988585
0.32013651877133104,0.8819112627986349,0.47955164
0.32013651877133104,0.8832764505119454,0.47894287
0.3221843003412969,0.8832764505119454,0.4766741
0.3221843003412969,0.8839590443686007,0.4761641
0.32559726962457336,0.8839590443686007,0.47423112
0.32559726962457336,0.884641638225256,0.47376564
0.32627986348122867,0.884641638225256,0.473752
0.32627986348122867,0.8887372013651877,0.47150025
0.326962457337884,0.8887372013651877,0.4706024
0.326962457337884,0.8901023890784983,0.46968237
0.32764505119453924,0.8901023890784983,0.46856654
0.32764505119453924,0.8907849829351536,0.4680751
0.3296928327645051,0.8907849829351536,0.46738166
0.3296928327645051,0.8921501706484641,0.46630868
0.331740614334471,0.8921501706484641,0.46478695
0.331740614334471,0.8935153583617748,0.4638431
0.3324232081911263,0.8935153583617748,0.46307135
0.3324232081911263,0.89419795221843,0.46272182
0.33310580204778156,0.89419795221843,0.4624031
0.33310580204778156,0.8948805460750853,0.46197024
0.3337883959044369,0.8948805460750853,0.4618833
0.3337883959044369,0.8982935153583618,0.46044824
0.33515358361774744,0.8982935153583618,0.45919263
0.33515358361774744,0.898976109215017,0.4586777
0.336518771331058,0.898976109215017,0.45821697
0.336518771331058,0.8996587030716724,0.45802566
0.3372013651877133,0.8996587030716724,0.45717794
0.3372013651877133,0.9003412969283277,0.45689806
0.3378839590443686,0.9003412969283277,0.45677307
0.3378839590443686,0.9017064846416383,0.45566922
0.3385665529010239,0.9017064846416383,0.45495018
0.3385665529010239,0.9030716723549488,0.453752
0.34061433447098977,0.9030716723549488,0.45094633
0.34061433447098977,0.9044368600682594,0.45057213
0.3412969283276451,0.9044368600682594,0.4493937
0.3412969283276451,0.9051194539249147,0.44922665
0.34197952218430033,0.9051194539249147,0.44898883
0.34197952218430033,0.9064846416382253,0.4486639
0.3433447098976109,0.9064846416382253,0.44773066
0.3433447098976109,0.9071672354948805,0.44716883
0.3453924914675768,0.9071672354948805,0.446222
0.3453924914675768,0.9078498293515358,0.44574326
0.3460750853242321,0.9078498293515358,0.44540215
0.3460750853242321,0.9085324232081912,0.4449394
0.34744027303754266,0.9085324232081912,0.44299462
0.34744027303754266,0.9098976109215017,0.4420638
0.34812286689419797,0.9098976109215017,0.4418627
0.34812286689419797,0.910580204778157,0.44127247
0.34948805460750854,0.910580204778157,0.43868408
0.34948805460750854,0.9139931740614334,0.43417218
0.35017064846416385,0.9139931740614334,0.4336801
0.35017064846416385,0.9153583617747441,0.432751
0.3515358361774744,0.9153583617747441,0.43028614
0.3515358361774744,0.9187713310580204,0.42841312
0.352901023890785,0.9187713310580204,0.42827812
0.352901023890785,0.9194539249146758,0.4281419
0.35494880546075086,0.9194539249146758,0.42743784
0.35494880546075086,0.9208191126279863,0.42587876
0.35699658703071674,0.9208191126279863,0.4251227
0.35699658703071674,0.922184300341297,0.42438784
0.357679180887372,0.922184300341297,0.4231946
0.357679180887372,0.9235494880546075,0.42289826
0.3583617747440273,0.9235494880546075,0.4219951
0.3583617747440273,0.9242320819112628,0.421077
0.3597269624573379,0.9242320819112628,0.42020804
0.3597269624573379,0.9249146757679181,0.4201805
0.36109215017064844,0.9249146757679181,0.41992605
0.36109215017064844,0.926962457337884,0.41811308
0.36245733788395906,0.926962457337884,0.41772625
0.36245733788395906,0.9276450511945392,0.41745633
0.3631399317406143,0.9276450511945392,0.41606325
0.3631399317406143,0.9283276450511946,0.41556442
0.36450511945392494,0.9283276450511946,0.415259
0.36450511945392494,0.9290102389078498,0.41501296
0.3679180887372014,0.9290102389078498,0.41211605
0.3679180887372014,0.9310580204778157,0.4118357
0.36860068259385664,0.9310580204778157,0.41107556
0.36860068259385664,0.9324232081911262,0.40988916
0.3699658703071672,0.9324232081911262,0.40868542
0.3699658703071672,0.936518771331058,0.40646452
0.3706484641638225,0.936518771331058,0.40550902
0.3706484641638225,0.9372013651877134,0.40509835
0.3726962457337884,0.9372013651877134,0.40456873
0.3726962457337884,0.9385665529010239,0.40419808
0.3747440273037543,0.9385665529010239,0.40114808
0.3747440273037543,0.9392491467576792,0.40100074
0.3781569965870307,0.9392491467576792,0.3972091
0.3781569965870307,0.9399317406143345,0.39693066
0.38088737201365186,0.9399317406143345,0.39408544
0.38088737201365186,0.941296928327645,0.393939
0.38293515358361774,0.941296928327645,0.39258313
0.38293515358361774,0.9419795221843004,0.3925345
0.3849829351535836,0.9419795221843004,0.39128
0.3849829351535836,0.9426621160409556,0.39116028
0.3856655290102389,0.9426621160409556,0.3910487
0.3856655290102389,0.9433447098976109,0.38940817
0.3870307167235495,0.9433447098976109,0.38848066
0.3870307167235495,0.9440273037542662,0.38688624
0.38976109215017063,0.9440273037542662,0.38631117
0.38976109215017063,0.9460750853242321,0.38585982
0.3938566552901024,0.9460750853242321,0.37870833
0.3938566552901024,0.9467576791808874,0.37786898
0.40341296928327647,0.9467576791808874,0.3684605
0.40341296928327647,0.9474402730375426,0.3679445
0.4061433447098976,0.9474402730375426,0.366113
0.4061433447098976,0.948122866894198,0.36521652
0.4116040955631399,0.948122866894198,0.35697663
0.4116040955631399,0.9488054607508533,0.35533735
0.4156996587030717,0.9488054607508533,0.3525547
0.4156996587030717,0.9501706484641638,0.35161752
0.42389078498293514,0.9501706484641638,0.34228778
0.42389078498293514,0.9515358361774744,0.34153306
0.4273037542662116,0.9515358361774744,0.33769146
0.4273037542662116,0.9522184300341296,0.3345633
0.42935153583617747,0.9522184300341296,0.32877743
0.42935153583617747,0.952901023890785,0.32779497
0.4327645051194539,0.952901023890785,0.32197762
0.4327645051194539,0.9535836177474403,0.32161224
0.4341296928327645,0.9535836177474403,0.3206028
0.4341296928327645,0.9542662116040955,0.32024056
0.437542662116041,0.9542662116040955,0.31519976
0.437542662116041,0.9563139931740614,0.31396386
0.4409556313993174,0.9563139931740614,0.31046146
0.4409556313993174,0.957679180887372,0.30929622
0.442320819112628,0.957679180887372,0.3092307
0.442320819112628,0.9583617747440273,0.30858645
0.44300341296928325,0.9583617747440273,0.30803043
0.44300341296928325,0.9590443686006825,0.30769432
0.44641638225255975,0.9590443686006825,0.3048082
0.44641638225255975,0.9597269624573379,0.3021789
0.4539249146757679,0.9597269624573379,0.29361904
0.4539249146757679,0.9604095563139932,0.29361492
0.45870307167235497,0.9604095563139932,0.29007772
0.45870307167235497,0.9610921501706484,0.28913397
0.4662116040955631,0.9610921501706484,0.28103954
0.4662116040955631,0.9617747440273038,0.28034124
0.4668941979522184,0.9617747440273038,0.2794295
0.4668941979522184,0.962457337883959,0.2785031
0.47167235494880544,0.962457337883959,0.27499405
0.47167235494880544,0.9631399317406143,0.2746909
0.4737201365187713,0.9631399317406143,0.2736453
0.4737201365187713,0.9638225255972697,0.27362558
0.4812286689419795,0.9638225255972697,0.26348293
0.4812286689419795,0.9645051194539249,0.26276976
0.4887372013651877,0.9645051194539249,0.2505892
0.4887372013651877,0.9651877133105802,0.25055894
0.49215017064846417,0.9651877133105802,0.24584813
0.49215017064846417,0.9658703071672355,0.24431306
0.4928327645051195,0.9658703071672355,0.24428508
0.4928327645051195,0.9665529010238908,0.24406318
0.5010238907849829,0.9665529010238908,0.2350683
0.5010238907849829,0.967235494880546,0.23474444
0.5085324232081911,0.967235494880546,0.22870608
0.5085324232081911,0.9679180887372013,0.22544087
0.5126279863481229,0.9679180887372013,0.22226636
0.5126279863481229,0.9686006825938567,0.22157969
0.5133105802047782,0.9686006825938567,0.22143044
0.5133105802047782,0.9692832764505119,0.22141542
0.515358361774744,0.9692832764505119,0.2207836
0.515358361774744,0.9699658703071672,0.22070745
0.5208191126279863,0.9699658703071672,0.21894404
0.5208191126279863,0.9706484641638226,0.21871045
0.5215017064846417,0.9706484641638226,0.21812977
0.5215017064846417,0.9720136518771331,0.21755546
0.5235494880546075,0.9720136518771331,0.21595494
0.5235494880546075,0.9726962457337884,0.21535014
0.5310580204778157,0.9726962457337884,0.2040315
0.5310580204778157,0.9733788395904437,0.20387647
0.5358361774744027,0.9733788395904437,0.19793473
0.5358361774744027,0.9747440273037543,0.19775532
0.5419795221843003,0.9747440273037543,0.19097233
0.5419795221843003,0.9761092150170648,0.18920444
0.5426621160409556,0.9761092150170648,0.18914625
0.5426621160409556,0.9774744027303754,0.18895084
0.5515358361774744,0.9774744027303754,0.18036649
0.5515358361774744,0.9781569965870307,0.17826007
0.5522184300341297,0.9781569965870307,0.17806391
0.5522184300341297,0.978839590443686,0.1777399
0.5569965870307167,0.978839590443686,0.17300102
0.5569965870307167,0.9795221843003413,0.17289864
0.5713310580204778,0.9795221843003413,0.16010116
0.5713310580204778,0.9802047781569966,0.1592809
0.6034129692832765,0.9802047781569966,0.1401773
0.6034129692832765,0.9808873720136518,0.13992614
0.6054607508532424,0.9808873720136518,0.13870642
0.6054607508532424,0.9815699658703072,0.13865407
0.6102389078498294,0.9815699658703072,0.13667554
0.6102389078498294,0.9822525597269625,0.13663532
0.621160409556314,0.9822525597269625,0.13416338
0.621160409556314,0.9829351535836177,0.13410686
0.6327645051194539,0.9829351535836177,0.13033487
0.6327645051194539,0.9836177474402731,0.130272
0.6511945392491467,0.9836177474402731,0.12554051
0.6511945392491467,0.9843003412969283,0.12529841
0.6853242320819113,0.9843003412969283,0.11892554
0.6853242320819113,0.9849829351535836,0.11887875
0.6901023890784983,0.9849829351535836,0.1181705
0.6901023890784983,0.985665529010239,0.118003845
0.7017064846416382,0.985665529010239,0.11628082
0.7017064846416382,0.9870307167235495,0.11623171
0.7303754266211604,0.9870307167235495,0.111362234
0.7303754266211604,0.9877133105802047,0.11126185
0.7515358361774744,0.9877133105802047,0.10900216
0.7515358361774744,0.9883959044368601,0.108997226
0.7897610921501707,0.9883959044368601,0.10490078
0.7897610921501707,0.9890784982935154,0.10485455
0.8027303754266212,0.9890784982935154,0.10352836
0.8027303754266212,0.9897610921501706,0.10343648
0.8088737201365188,0.9897610921501706,0.102751896
0.8088737201365188,0.990443686006826,0.102569714
0.8320819112627986,0.990443686006826,0.0994845
0.8320819112627986,0.9911262798634812,0.099483386
0.8327645051194539,0.9911262798634812,0.099424586
0.8327645051194539,0.9918088737201365,0.09936916
0.8334470989761092,0.9918088737201365,0.09933936
0.8334470989761092,0.9924914675767919,0.09932863
0.8348122866894198,0.9924914675767919,0.09926602
0.8348122866894198,0.9931740614334471,0.099095225
0.8354948805460751,0.9931740614334471,0.09896185
0.8354948805460751,0.9945392491467577,0.0987922
0.847098976109215,0.9945392491467577,0.0977867
0.847098976109215,0.995221843003413,0.09774431
0.8498293515358362,0.995221843003413,0.097580135
0.8498293515358362,0.9959044368600682,0.0975528
0.8580204778156997,0.9959044368600682,0.09671906
0.8580204778156997,0.9965870307167235,0.0966885
0.8648464163822526,0.9965870307167235,0.096065074
0.8648464163822526,0.9972696245733789,0.09599236
0.8709897610921502,0.9972696245733789,0.09574819
0.8709897610921502,0.9979522184300341,0.09561349
0.903754266211604,0.9979522184300341,0.091864355
0.903754266211604,0.9986348122866894,0.091782935
0.9044368600682594,0.9986348122866894,0.091710754
0.9044368600682594,0.9993174061433447,0.09157163
0.9228668941979522,0.9993174061433447,0.08971301
0.9228668941979522,1.0,0.08960191
1.0,1.0,0.06873378
